position,person,personID,start,end,gender,DOB,DOD,image,enwiki
President,Salva Kiir Mayardit,Q57315,2011-07-09,,male,1951-09-13,,Salva Kiir Mayardit.jpg,Salva Kiir Mayardit
Vice President,Salva Kiir Mayardit,Q57315,2005-07-09,2005-07-30,male,1951-09-13,,Salva Kiir Mayardit.jpg,Salva Kiir Mayardit
Vice President,Riek Machar,Q444994,2011-07-09,2013-07-23,male,1953,,Riek Machar VOA photo.jpg,Riek Machar
Vice President,James Wani Igga,Q6145116,2013-08-25,2020-02-21,male,1949,,James Wani Igga.JPG,James Wani Igga
Vice President,Riek Machar,Q444994,2016-04-26,2016-07-26,male,1953,,Riek Machar VOA photo.jpg,Riek Machar
Vice President,Taban Deng Gai,Q7672883,2016-07-23,2020-02-21,male,1959,,Taban Deng Gai.png,Taban Deng Gai
Vice President,Rebecca Nyandeng De Mabior,Q3379134,2020-02-21,,female,1956,,"Rebecca Nyandeng De Mabior February 10, 2006.jpg",Rebecca Nyandeng De Mabior
Vice President,Riek Machar,Q444994,2020-02-21,,male,1953,,Riek Machar VOA photo.jpg,Riek Machar
Vice President,James Wani Igga,Q6145116,2020-02-21,,male,1949,,James Wani Igga.JPG,James Wani Igga
Vice President,Taban Deng Gai,Q7672883,2020-02-21,,male,1959,,Taban Deng Gai.png,Taban Deng Gai
Vice President,Hussein Abdelbagi,Q86281606,2020-02-23,,male,,,,Hussein Abdelbagi
Minister of Agriculture,Ann Itto Leonardo,Q4766470,2011-07-10,2011-08-26,female,,,Ann Itto Leonardo.jpg,Ann Itto Leonardo
Minister of Agriculture,Betty Ogwaro,Q4898942,2011-08-26,2014,female,,,Betty Ogwaro (cropped).JPG,Betty Ogwaro
Minister of Agriculture,Josephine Lagu,Q112685733,2014,2014,female,,,,
Minister of Agriculture,Beda Machar Deng,Q112685739,2014,2014,male,,,,
Minister of Agriculture,Betty Ogwaro,Q4898942,2014,2015,female,,,Betty Ogwaro (cropped).JPG,Betty Ogwaro
Minister of Agriculture,Beda Machar Deng,Q112685739,2015,2016,male,,,,
Minister of Agriculture,Josephine Lagu,Q112685733,2016,2016,female,,,,
Minister of Agriculture,Betty Ogwaro,Q4898942,2016,2019,female,,,Betty Ogwaro (cropped).JPG,Betty Ogwaro
Minister of Agriculture,Lam Akol,Q1364583,2016-04-29,2020-03,male,1950-07-15,,,Lam Akol
Minister of Agriculture,Josephine Lagu,Q112685733,2019,,female,,,,
Minister of Animal Resources and Fisheries,Nyaluk T. Gatluak,Q11056929,2011-07-10,2011-08-26,male,,,,Nyaluk T. Gatluak
Minister of Animal Resources and Fisheries,Martin Elia Lomuro,Q112685857,2011-08-26,2012,male,,,,
Minister of Animal Resources and Fisheries,Nadia Arop Dudi,Q112685866,2012,2012,female,,,,
Minister of Animal Resources and Fisheries,John Luk Jok,Q6245500,2012,2012,male,1951,2020-06-02,,John Luk Jok
Minister of Animal Resources and Fisheries,Jemma Nunu Kumba,Q6177210,2014,2015,female,1966,,,Jemma Nunu Kumba
Minister of Animal Resources and Fisheries,Rebecca Joshua Okwaci,Q42659471,2015,2016,female,1960,,,Rebecca Joshua Okwaci
Minister of Animal Resources and Fisheries,James Janka Duku,Q112525649,2016,2017,male,,,,
Minister of Animal Resources and Fisheries,Martin Elia Lomuro,Q112685857,2016,2016,male,,,,
Minister of Animal Resources and Fisheries,Peter Bashir Bande,Q112685887,2017,2017,,,,,
Minister of Animal Resources and Fisheries,Onyoti Adigo Nyikwac,Q112525855,2020-02-22,,,,,,
Minister of Cabinet Affairs,Martin Elia Lomuro,Q112685857,2011,2011,male,,,,
Minister of Cabinet Affairs,Nadia Arop Dudi,Q112685866,2011,2011,female,,,,
Minister of Cabinet Affairs,Kosti Manubi,Q6433547,2011-07-10,2011-08-26,male,,,,Kosti Manubi
Minister of Cabinet Affairs,Deng Alor Kuol,Q5256910,2011-08-26,2013-07-23,male,,,Deng Alor Kuol - 2018 (44868626572) (cropped).jpg,Deng Alor Kuol
Minister of Cabinet Affairs,John Luk Jok,Q6245500,2012,2012,male,1951,2020-06-02,,John Luk Jok
Minister of Cabinet Affairs,Martin Elia Lomuro,Q112685857,2013-07-31,2016-04-28,male,,,,
Minister of Cabinet Affairs,Jemma Nunu Kumba,Q6177210,2014,2015,female,1966,,,Jemma Nunu Kumba
Minister of Cabinet Affairs,Rebecca Joshua Okwaci,Q42659471,2015,2016,female,1960,,,Rebecca Joshua Okwaci
Minister of Cabinet Affairs,James Janka Duku,Q112525649,2016,2017,male,,,,
Minister of Cabinet Affairs,Deng Deng Akoon,Q112686016,2016,2016,,,,,
Minister of Cabinet Affairs,Martin Elia Lomuro,Q112685857,2016-04-29,2020-03,male,,,,
Minister of Cabinet Affairs,Peter Bashir Bande,Q112685887,2017,2017,,,,,
Minister of Cabinet Affairs,Beatrice Kamisa Wani,Q112686017,2017,2018,,,,,
Minister of Cabinet Affairs,Pagan Amum,Q2046108,2018,2018,male,1957-12-11,,"Pa'gan Amum, Chief Negotiator of the Republic of South Sudan.jpg",Pagan Amum
Minister of Cabinet Affairs,Angelina Teny,Q4762750,2018,2018,female,,,,Angelina Teny
Minister of Cabinet Affairs,Salva Kiir Mayardit,Q57315,2018,2019,male,1951-09-13,,Salva Kiir Mayardit.jpg,Salva Kiir Mayardit
Minister of Cabinet Affairs,Josephine Napwon Cosmos,Q112525664,2019,2019,female,,,,
Minister of Cabinet Affairs,Martin Elia Lomuro,Q112685857,2020-02-22,,male,,,,
Minister of Commerce,Barnaba Marial Benjamin,Q4861322,2011,2011,male,,,Barnaba Marial Benjamin.jpg,Barnaba Marial Benjamin
Minister of Commerce,Stephen Dhieu Dau,Q2344633,2011-07-10,2011-08-26,male,,,,Stephen Dhieu Dau
Minister of Commerce,Garang Diing Akoung,Q5521927,2011-08-26,2015-02-23,male,1963,,,Garang Diing Akuong
Minister of Commerce,Joseph Bangasi Bakosoro,Q112686060,2015,2015,,,,,
Minister of Commerce,Beatrice Wani-Noah,Q90955928,2015,2016,female,1959-07-28,,Beatrice Wani-Noah (cropped).jpg,Beatrice Wani-Noah
Minister of Commerce,Akec Khoc Aciew Khoc,Q112686062,2015-02-23,2015-02-23,,,,,
Minister of Commerce,Barnaba Marial Benjamin,Q4861322,2015-02-23,2015-02-27,male,,,Barnaba Marial Benjamin.jpg,Barnaba Marial Benjamin
Minister of Commerce,Martin Elia Lomuro,Q112685857,2016,2016,male,,,,
Minister of Commerce,Moses Hassen Tiel,Q112686063,2016,2016,,,,,
Minister of Commerce,Nhial Deng Nhial,Q4893553,2016,2017,male,1952-01-01,,Nhial Deng Nhial (cropped).jpg,Nhial Deng Nhial
Minister of Commerce,Deng Alor Kuol,Q5256910,2016,2016,male,,,Deng Alor Kuol - 2018 (44868626572) (cropped).jpg,Deng Alor Kuol
Minister of Commerce,Paul Mayom Akech,Q7152291,2016,2016,male,,,,Paul Mayom Akech
Minister of Commerce,Stephen Dhieu Dau,Q2344633,2016-04-29,2016-07-27,male,,,,Stephen Dhieu Dau
Minister of Commerce,Kuol Athian Mawien,Q112707239,2020-02-22,,,,,,
Minister of Communication and Postal Services,Madut Biar Yel,Q6728866,2011-07-10,2011-08-26,male,,,,Madut Biar Yel
Minister of Communication and Postal Services,Madut Biar Yel,Q6728866,2011-08-26,2013-07-23,male,,,,Madut Biar Yel
"Minister of Culture, Youth and Sports",Gabriel Changson Chang,Q5515569,2011-07-10,2011-08-26,male,,,,Gabriel Changson Chang
"Minister of Culture, Youth and Sports",Cirino Hiteng Ofuho,Q56063130,2011-08-26,2013-07-23,male,,,,Cirino Hiteng Ofuho
"Minister of Culture, Youth and Sports",Nadia Arop Dudi,Q112685866,2013-08-04,2020-03,female,,,,
"Minister of Culture, Youth and Sports",Nadia Arop Dudi,Q112685866,2020-02-22,,female,,,,
Minister of Defence,Nhial Deng Nhial,Q4893553,2011-07-10,2011-08-26,male,1952-01-01,,Nhial Deng Nhial (cropped).jpg,Nhial Deng Nhial
Minister of Defence,John Kong Nyuon,Q112712511,2011-08-26,2013-07-23,,,,,
Minister of Defence,Kuol Manyang Juuk,Q6445240,2013-07-31,2016-04-28,male,,,,Kuol Manyang Juuk
Minister of Defence,Kuol Manyang Juuk,Q6445240,2016-04-29,2020-03,male,,,,Kuol Manyang Juuk
Minister of Defence,Angelina Teny,Q4762750,2020-03-12,,female,,,,Angelina Teny
Minister of East African Affairs,John Luk Jok,Q6245500,2020-02-22,2020-06-02,male,1951,2020-06-02,,John Luk Jok
Minister of East African Affairs,Deng Alor Kuol,Q5256910,2020-07-17,,male,,,Deng Alor Kuol - 2018 (44868626572) (cropped).jpg,Deng Alor Kuol
Minister of Education,Joseph Ukel Abango,Q6287537,2011,2013,male,1939,,,Joseph Ukel Abango
Minister of Education,Michael Milli Husein,Q6832832,2011-07-10,2011-08-26,male,,,,Michael Milli Husein
Minister of Education,John Gai Yoh,Q107598265,2013-08,2017-03,male,1964,,,John Gai Yoh
Minister of Education,Deng Deng Hoc Yai,Q112686332,2016-04-29,2020-03,,,,,
Minister of Education,Awut Deng Acuil,Q12748065,2020-03-12,,female,1962,,Awut Deng Acuil.png,Awut Deng Acuil
Minister of Electricity and Dams,David Deng Athorbie,Q5232921,2011-08-26,2013-07-23,male,,,,David Deng Athorbei
Minister of Electricity and Dams,Abdalla Deng Nhial,Q112692342,2013-07-31,2016-04-28,,,,,
Minister of Electricity and Dams,Macham Mecham Angui,Q112686512,2015,2016,,,,,
Minister of Electricity and Dams,Dhieu Mathok Diing,Q112686511,2016-04-29,2020-03,,,,,
Minister of Electricity and Dams,David Deng Athorbie,Q5232921,2016-07,2020,male,,,,David Deng Athorbei
Minister of Electricity and Dams,Peter Marcello Nasir,Q112707245,2020-02-22,,,,,,
Minister of Environment,Isaac Awan Maper,Q12748612,2011-07-10,2011-08-26,male,1944-01-01,,,Isaac Awan Maper
Minister of Environment,Alfred Lado Gore,Q11904977,2011-08-26,2013,male,,,,
Minister of Environment,Josephine Napwon Cosmos,Q112525664,2016-04-29,2020-03,female,,,,
Minister of Environment,Josephine Napwon Cosmos,Q112525664,2020-02-22,,female,,,,
Minister of Federal Affairs,Richard K. Mulla,Q112525875,2016-04-29,2020-03,,,,,
Minister of Federal Affairs,Lasuba L. Wango,Q112707240,2020-02-22,,,,,,
Minister of Finance,David Deng Athorbie,Q5232921,2011-07,2011-08,male,,,,David Deng Athorbei
Minister of Finance,Kosti Manibe Ngai,Q112686444,2011-08-26,2013,male,,,,
Minister of Finance,Marial Awou,Q112686445,2013,2013,male,,,,
Minister of Finance,Agrey Tisa Sabuni,Q112701002,2013-07-31,2016-04-28,,,,,
Minister of Finance,Aggrey Tisa Sabuni,Q112686446,2013-10,2015-01-12,,,,,
Minister of Finance,David Deng Athorbie,Q5232921,2015-01-12,2016-04,male,,,,David Deng Athorbei
Minister of Finance,David Deng Athorbie,Q5232921,2016-04-29,2016-07-17,male,,,,David Deng Athorbei
Minister of Finance,Stephen Dhieu Dau,Q2344633,2016-07-27,2018-03,male,,,,Stephen Dhieu Dau
Minister of Finance,Salvatore Garang,Q112686447,2018-03,2020-09-16,male,,,,
Minister of Finance,Athian Ding Athian,Q112686448,2020-09-16,2021-11-12,,,,,
Minister of Finance,Agak Achuil Lual,Q112686449,2021-11-12,,male,,,,
Minister of Foreign Affairs,Deng Alor Kuol,Q5256910,2011,2011,male,,,Deng Alor Kuol - 2018 (44868626572) (cropped).jpg,Deng Alor Kuol
Minister of Foreign Affairs,Deng Alor Kuol,Q5256910,2011-07-10,2011-08-26,male,,,Deng Alor Kuol - 2018 (44868626572) (cropped).jpg,Deng Alor Kuol
Minister of Foreign Affairs,Nhial Deng Nhial,Q4893553,2011-08-26,2013,male,1952-01-01,,Nhial Deng Nhial (cropped).jpg,Nhial Deng Nhial
Minister of Foreign Affairs,Charles Manyang d'Awol,Q112686418,2013,2013,,,,,
Minister of Foreign Affairs,Barnaba Marial Benjamin,Q4861322,2013-07-27,2016-03-23,male,,,Barnaba Marial Benjamin.jpg,Barnaba Marial Benjamin
Minister of Foreign Affairs,Peter Bashir Gbandi,Q112525865,2016,2016,,,,,
Minister of Foreign Affairs,Deng Alor Kuol,Q5256910,2016,2018-04-24,male,,,Deng Alor Kuol - 2018 (44868626572) (cropped).jpg,Deng Alor Kuol
Minister of Foreign Affairs,Martin Elia Lomuro,Q112685857,2018,2018,male,,,,
Minister of Foreign Affairs,Nhial Deng Nhial,Q4893553,2018-04-24,2019,male,1952-01-01,,Nhial Deng Nhial (cropped).jpg,Nhial Deng Nhial
Minister of Foreign Affairs,Awut Deng Acuil,Q12748065,2019,2020,female,1962,,Awut Deng Acuil.png,Awut Deng Acuil
Minister of Foreign Affairs,Beatrice Wani-Noah,Q90955928,2020,2021-09-09,female,1959-07-28,,Beatrice Wani-Noah (cropped).jpg,Beatrice Wani-Noah
Minister of Foreign Affairs,Mayiik Ayii Deng,Q48975135,2021-09-09,,male,1971-12-20,,Mayiik Ayii Deng.jpg,Mayiik Ayii Deng
"Minister of Gender, Social Welfare and Religious Affairs",Agnes Kwaje Lasuba,Q4693074,2009,2010,female,1948-08-14,,,Agnes Kwaje Lasuba
"Minister of Gender, Social Welfare and Religious Affairs",Agnes Kwaje Lasuba,Q4693074,2010-06-21,2013-07-23,female,1948-08-14,,,Agnes Kwaje Lasuba
"Minister of Gender, Social Welfare and Religious Affairs",Awut Deng Acuil,Q12748065,2013-07-31,2016-04-28,female,1962,,Awut Deng Acuil.png,Awut Deng Acuil
"Minister of Gender, Social Welfare and Religious Affairs",Awut Deng Acuil,Q12748065,2016-04-29,2020-03,female,1962,,Awut Deng Acuil.png,Awut Deng Acuil
"Minister of Gender, Social Welfare and Religious Affairs",Ayaa Benjamin Warille,Q112707226,2020-02-22,,,,,,
Minister of Health,Isaiah Kulang,Q105061305,1995,2000,male,1930,2015,,Isaiah Kulang
Minister of Health,Angelo Beda,Q112686370,2000,2000,,,,,
Minister of Health,Peter Gatkuoth,Q7174190,2000,2005,male,1938-01-01,2010-08-26,,Peter Gatkuoth
Minister of Health,John Garang,Q167444,2005,2005,male,1945-06-23,2005-07-30,John Garang of Sudan.jpg,John Garang
Minister of Health,Riek Machar,Q444994,2005,2011,male,1953,,Riek Machar VOA photo.jpg,Riek Machar
Minister of Health,Michael Milly Hussein,Q112686372,2011,2011,,,,,
Minister of Health,Ali Osman Taha,Q937264,2011,2011,male,1944-01-01,,Secretary Clinton Shakes Hands With Sudanese Vice President Ali Osman Taha.jpg,Ali Osman Taha
Minister of Health,Luka Tombekana Monoja,Q6701644,2011-07-10,2011-08-26,male,,,,Luka Tombekana Monoja
Minister of Health,Michael Milly Hussein,Q112686372,2011-08-26,2013-07-23,,,,,
Minister of Health,Riek Gai Kok,Q16204805,2013,2013,male,,,,Riek Gai Kok
Minister of Health,Gabriel Tang,Q5515872,2013,2013,male,1960,2017-01-04,,Gabriel Tang
Minister of Health,Gismalla Abdalla Rassas,Q5564979,2013,2013,male,1932,2013,,Gismalla Abdalla Rassas
Minister of Health,Kuol Manyang Juuk,Q6445240,2013,2013,male,,,,Kuol Manyang Juuk
Minister of Health,Riak Gai Kok,Q112701012,2013-07-31,2016-04-28,,,,,
Minister of Health,Salva Kiir Mayardit,Q57315,2015,2015,male,1951-09-13,,Salva Kiir Mayardit.jpg,Salva Kiir Mayardit
Minister of Health,James Wani Igga,Q6145116,2015,2016,male,1949,,James Wani Igga.JPG,James Wani Igga
Minister of Health,Anthony Lino Makana,Q4772949,2016,2016,male,,,"Anthony Lino Makana, December 2017 (5122) (cropped2).jpg",Anthony Lino Makana
Minister of Health,David Yau Yau,Q5241353,2016,2016,male,,,David Yau Yau.png,David Yau Yau
Minister of Health,Obuch Ojok,Q78823225,2016,2017,male,,,,Obuch Ojwok Akuo
Minister of Health,Riek Gai Kok,Q16204805,2016-04-29,2020-03,male,,,,Riek Gai Kok
Minister of Health,Yoanis Okiech,Q112686373,2017,2018,,,,,
Minister of Health,John Uliny,Q21039446,2017,2017,male,,,,John Uliny
Minister of Health,Otowang Achwang,Q112686375,2018,2018,,,,,
Minister of Health,Paul Malong Awan,Q7152176,2018,2019,male,1962,,Paul Malong Awan.png,Paul Malong Awan
Minister of Health,James Hoth Mai,Q16193152,2019,2019,male,1959-11-30,,James Hoth Mai.JPG,James Hoth Mai
Minister of Health,James Ajonga Mawut,Q29931027,2019,2020,male,1961-01-01,2018-04-13,,James Ajongo Mawut
Minister of Health,Gabriel Jok Riak,Q112686377,2020,2020,,,,,
Minister of Health,Madut Biar Yel,Q6728866,2020,2020,male,,,,Madut Biar Yel
Minister of Health,Elizabeth Achuei,Q112686371,2020-02-22,2022-03-23,female,,,,
Minister of Health,Yolanda Wel Deng,Q112710955,2022-03-23,,female,,,,
Minister of Higher Education,Joseph Ukel Abango,Q6287537,2005,2011,male,1939,,,Joseph Ukel Abango
Minister of Higher Education,Salva Kiir Mayardit,Q57315,2011,2011,male,1951-09-13,,Salva Kiir Mayardit.jpg,Salva Kiir Mayardit
Minister of Higher Education,Peter Adwok Nyaba,Q11995405,2011-08-26,2012,male,,,,
Minister of Higher Education,John Gai Yoh,Q107598265,2014,2014,male,1964,,,John Gai Yoh
Minister of Higher Education,Deny Jock Chagor,Q112686330,2014,2015,,,,,
Minister of Higher Education,Awut Deng Acuil,Q12748065,2015,2016,female,1962,,Awut Deng Acuil.png,Awut Deng Acuil
Minister of Higher Education,Peter Adwok Nyaba,Q11995405,2016-04-29,2020-03,male,,,,
Minister of Higher Education,Aluel William Nyuon Bany,Q112686333,2017,2017,,,,,
Minister of Higher Education,Salva Kiir Mayardit,Q57315,2017,2017,male,1951-09-13,,Salva Kiir Mayardit.jpg,Salva Kiir Mayardit
Minister of Higher Education,Salva Kiir Mayardit,Q57315,2017,2018,male,1951-09-13,,Salva Kiir Mayardit.jpg,Salva Kiir Mayardit
Minister of Higher Education,Awut Deng Acuil,Q12748065,2018,2019,female,1962,,Awut Deng Acuil.png,Awut Deng Acuil
Minister of Higher Education,John Gai Yoh,Q107598265,2019,2020,male,1964,,,John Gai Yoh
Minister of Higher Education,Thuoch Loi,Q112686334,2019,2019,,,,,
Minister of Higher Education,Deny Chigor,Q112686335,2019,2019,,,,,
Minister of Higher Education,Denay Jock Chagor,Q97413828,2019-03-12,2020-07-15,male,1975,,,Denay Jock Chagor
Minister of Higher Education,Peter Adwok Nyaba,Q11995405,2020,2020,male,,,,
Minister of Higher Education,Gabriel Changson Chang,Q5515569,2020-07-15,,male,,,,Gabriel Changson Chang
Minister of Housing,Jemma Nunu Kumba,Q6177210,2011-07,2013-07-23,female,1966,,,Jemma Nunu Kumba
Minister of Housing,Jemma Nunu Kumba,Q6177210,2013-07-31,2016-04-28,female,1966,,,Jemma Nunu Kumba
Minister of Housing,Mary Alphonse Nadio Lodira,Q112703822,2016-04-29,2020-03,,,,,
Minister of Housing,Michael Chiangjiek,Q112707244,2020-02-22,,,,,,
Minister of Humanitarian Affairs,James Kok Ruea,Q11046276,2011-07-10,2011-08-26,male,,,,James Kok Ruey
Minister of Humanitarian Affairs,Joseph Lual Achuil,Q112712513,2011-08-26,2013-07-23,male,,,,
Minister of Humanitarian Affairs,Hussein Mar Nyot,Q112703817,2016-04-29,2020-03,,,,,
Minister of Humanitarian Affairs,Peter Mayen Majongdit,Q112686617,2020-03-12,,male,,,,
Minister of Human Resource Development,Mary Jarvis Yak,Q6779908,2011-07-10,2011-08-26,female,,,,Mary Jarvis Yak
Minister of Information and Broadcasting,Barnaba Marial Benjamin,Q4861322,2011-07-10,2011-08-26,male,,,Barnaba Marial Benjamin.jpg,Barnaba Marial Benjamin
Minister of Information and Broadcasting,Barnaba Marial Benjamin,Q4861322,2011-08-26,2013-07-23,male,,,Barnaba Marial Benjamin.jpg,Barnaba Marial Benjamin
Minister of Information and Broadcasting,Michael Makwei Lueth,Q112701009,2013-07-31,2016-04-28,,,,,
Minister of Information and Broadcasting,Michael Makue Loweth,Q6832462,2016-04-29,2020-03,male,,,,Michael Makue Loweth
Minister of Information and Broadcasting,Michael Makue Loweth,Q6832462,2020-03-13,,male,,,,Michael Makue Loweth
Minister of Internal Affairs,Gier Choung Aloung,Q5559789,2011-07-10,2011-08-26,male,,,,Gier Choung Aloung
Minister of Internal Affairs,Alison Manani Magaya,Q112325588,2011-08-26,2013-07-23,,,,,
Minister of Internal Affairs,Aleu Ayieny Aleu,Q112525561,2013-07-31,2016-04,male,,,,
Minister of Internal Affairs,Alfred Lado Gore,Q11904977,2016-04-29,2019-09,male,,,,
Minister of Internal Affairs,Paul Mayom Akech,Q7152291,2020-03-12,2021-11-12,male,,,,Paul Mayom Akech
Minister of Internal Affairs,Mahmoud Solomon,Q112688773,2021-11-12,,male,,,,
Minister of Investment,Oyay Deng Ajak,Q12756916,2011-07-10,2011-08-26,male,1962-10-16,,,Oyay Deng Ajak
Minister of Investment,Dhieu Mathok Diing,Q112686511,2020-02-22,,,,,,
Minister of Irrigation and Water Resources,Paul Mayom Akech,Q7152291,2011-07,2013,male,,,,Paul Mayom Akech
Minister of Irrigation and Water Resources,Mabior Garang de Mabior,Q112703819,2016-04-29,2020-03,,,,,
Minister of Irrigation and Water Resources,Manawa Peter Gatkuoth,Q112686777,2022-03,2022-06-19,male,,2022-06-19,,
Minister of Justice,John Luk Jok,Q6245500,2011,2013,male,1951,2020-06-02,,John Luk Jok
Minister of Justice,Tellar Riing Deng,Q112701015,2013-07-31,2016-04-28,,,,,
Minister of Justice,Paulino Wanawilla,Q112686730,2016-04-29,2020-03,male,,,,
Minister of Justice,Ruben Madol Arol Kachuol,Q111595868,2020-02-22,,male,1958-10-22,,Justice Ruben Madol Arol.jpg,Ruben Madol Arol Kachuol
Minister of Labour,Awut Deng Acuil,Q12748065,2009,2016-04,female,1962,,Awut Deng Acuil.png,Awut Deng Acuil
Minister of Labour,Kuong Doanier Gakluak,Q112701006,2013-07-31,2016-04-28,,,,,
Minister of Labour,Peter Marcello Lasir Jealingo,Q112703823,2016-04-29,2020-03,,,,,
Minister of Labour,James Hoth Mai,Q16193152,2020-02-22,,male,1959-11-30,,James Hoth Mai.JPG,James Hoth Mai
Minister of Mining,Taban Deng Gai,Q7672883,2016-04-29,2016-07-27,male,1959,,Taban Deng Gai.png,Taban Deng Gai
Minister of Mining,Henry Dilah Odwar,Q112525640,2020-02-22,2021-08-11,,,,,
Minister of Mining,Martin Abucha,Q112709566,2021-12-01,,,,,,
Minister of National Security,Oyay Deng Ajak,Q12756916,2011-08-26,2013-07-23,male,1962-10-16,,,Oyay Deng Ajak
Minister of National Security,Obuto Mamur Mete,Q112686679,2013-07-31,2016-04-28,male,,,,
Minister of National Security,Obuto Mamur Mete,Q112686679,2016-04-29,2020-03,male,,,,
Minister of National Security,Obuto Mamur Mete,Q112686679,2020-03-12,,male,,,,
Minister of Parliamentary Affairs,Michael Makue Loweth,Q6832462,2011-07,2013-07-23,male,,,,Michael Makue Loweth
Minister of Parliamentary Affairs,Peter Bashir Gbandi,Q112525865,2016-04-29,2020-03,,,,,
Minister of Parliamentary Affairs,Jemma Nunu Kumba,Q6177210,2020-02-22,2021-07-29,female,1966,,,Jemma Nunu Kumba
Minister of Parliamentary Affairs,Mary Nawai Martin,Q112525827,2020-03-12,,,,,,
Minister of Peace,Pagan Amum,Q2046108,2011-07-23,2015,male,1957-12-11,,"Pa'gan Amum, Chief Negotiator of the Republic of South Sudan.jpg",Pagan Amum
Minister of Peace,Stephen Par Kuol,Q112707251,2020-02-22,,,,,,
Minister of Petroleum,Dak Doth Bishok,Q112703816,2016-04-29,2020-03,,,,,
Minister of Petroleum,Puot Kang Chol,Q112686280,2020-03,,male,,,,
Minister of Petroleum and Mining,Garang Diing Akoung,Q5521927,2011-07-10,2011-08-07,male,1963,,,Garang Diing Akuong
Minister of Petroleum and Mining,Stephen Dhieu Dau,Q2344633,2011-08-26,2016-04,male,,,,Stephen Dhieu Dau
Minister of Petroleum and Mining,Ezekiel Lul Gatkuoth,Q51959606,2016-08,2019-06-12,male,1969,,,Ezekiel Lol Gatkuoth
Minister of Petroleum and Mining,Awow Daniel Chuang,Q112686279,2019-06-12,2020-03,,,,,
Minister of Presidential Affairs,Cirino Hetieng Ofuho,Q5121912,2011-07-10,2011-08-26,male,,,,Cirino Hetieng Ofuho
Minister of Presidential Affairs,Emmanuel Lowilla,Q112712509,2011-08-26,2013-07-23,male,,,,
Minister of Presidential Affairs,Mayiik Ayii Deng,Q48975135,2016-04-29,2020-06-02,male,1971-12-20,,Mayiik Ayii Deng.jpg,Mayiik Ayii Deng
Minister of Presidential Affairs,Nhial Deng Nhial,Q4893553,2020-06-02,2021-04-11,male,1952-01-01,,Nhial Deng Nhial (cropped).jpg,Nhial Deng Nhial
Minister of Presidential Affairs,Barnaba Marial Benjamin,Q4861322,2021-05,,male,,,Barnaba Marial Benjamin.jpg,Barnaba Marial Benjamin
Minister of Public Service,Joseph Bangasi Bakosoro,Q112686060,2020-02-22,,,,,,
Minister of Roads and Bridges,Gier Chuang Aluong,Q112525634,2011-08-26,2013-07-23,male,,,,
Minister of Roads and Bridges,Rebecca Joshua Okwaci,Q42659471,2016-04-29,2020-03,female,1960,,,Rebecca Joshua Okwaci
Minister of Roads and Bridges,Gier Chuang Aluong,Q112525634,2018,2020,male,,,,
Minister of Roads and Bridges,Simon Mijok Mijak,Q112701013,2020-02-22,,male,,,,
Minister of Transport,Anthony Lino Makana,Q4772949,2011-07-10,2011-08-26,male,,,"Anthony Lino Makana, December 2017 (5122) (cropped2).jpg",Anthony Lino Makana
Minister of Transport,Agnes Poni Lokudu,Q112686205,2011-08-26,2013,female,,,,
Minister of Transport,Jemma Nunu Kumba,Q6177210,2013,2013,female,1966,,,Jemma Nunu Kumba
Minister of Transport,Simon Mijok Mijak,Q112701013,2013-07-31,2016-04-28,male,,,,
Minister of Transport,Agnes Poni Lokudu,Q112686205,2014,2015,female,,,,
Minister of Transport,Agnes Poni Lokudu,Q112686205,2015,2017,female,,,,
Minister of Transport,Betty Ogwaro,Q4898942,2015,2015,female,,,Betty Ogwaro (cropped).JPG,Betty Ogwaro
Minister of Transport,Agnes Poni Lokudu,Q112686205,2019,2019,female,,,,
Minister of Transport,John Luk Jok,Q6245500,2019,2020,male,1951,2020-06-02,,John Luk Jok
Minister of Transport,Michael Roberto Kenyi,Q6833900,2019,2019,male,1961-01-01,,,Michael Roberto Kenyi
Minister of Transport,Mayiik Ayii Deng,Q48975135,2020,2020,male,1971-12-20,,Mayiik Ayii Deng.jpg,Mayiik Ayii Deng
Minister of Transport,Madut Biar Yel,Q6728866,2020-02-22,,male,,,,Madut Biar Yel
Minister of Wildlife Conservation and Tourism,Abdallah Albert,Q4664657,2011-07-10,2011-08-26,male,,,,Abdallah Albert
Minister of Wildlife Conservation and Tourism,Gabriel Changson Chang,Q5515569,2011-08-26,2013,male,,,,Gabriel Changson Chang
Minister of Wildlife Conservation and Tourism,Jemma Nunu Kumba,Q6177210,2013,2013,female,1966,,,Jemma Nunu Kumba
Minister of Wildlife Conservation and Tourism,Betty Ogwaro,Q4898942,2014,2015,female,,,Betty Ogwaro (cropped).JPG,Betty Ogwaro
Minister of Wildlife Conservation and Tourism,Jemma Nunu Kumba,Q6177210,2015,2017,female,1966,,,Jemma Nunu Kumba
Minister of Wildlife Conservation and Tourism,Gabriel Changson Chang,Q5515569,2017,2019,male,,,,Gabriel Changson Chang
Minister of Wildlife Conservation and Tourism,James Hoth Mai,Q16193152,2019,2019,male,1959-11-30,,James Hoth Mai.JPG,James Hoth Mai
Minister of Wildlife Conservation and Tourism,Mayiik Ayii Deng,Q48975135,2019,2020,male,1971-12-20,,Mayiik Ayii Deng.jpg,Mayiik Ayii Deng
Minister of Wildlife Conservation and Tourism,Gabriel Changson Chang,Q5515569,2019,2019,male,,,,Gabriel Changson Chang
Minister of Wildlife Conservation and Tourism,Michael Roberto Kenyi,Q6833900,2019,2019,male,1961-01-01,,,Michael Roberto Kenyi
Minister of Wildlife Conservation and Tourism,Rizik Zackaria Hassan,Q7339103,2020-02-22,,male,1997-02-12,,,Rezik Zechariah Hassan
Minister of Youth and Sports,Makuac Teny Youk,Q12754768,2011-07-10,2011-08-26,male,,,,Makuac Teny Youk
Minister of Youth and Sports,Ngor Kulang,Q112701010,2013-07-31,2016-04-28,,,,,
Minister of Youth and Sports,Albino Bol,Q112686131,2020-03-12,,male,,,,
Minister without portfolio,Pricilla Nanyang,Q7242680,2011-07-10,2011-08-26,female,,,,Pricilla Nanyang
Deputy Minister of Agriculture,Beda Machar Deng,Q112685739,2011-08-26,2013-07-23,male,,,,
Deputy Minister of Agriculture,Nadia Arop Dudi,Q112685866,2013-07-31,2016-04-28,female,,,,
Deputy Minister of Agriculture,Kornelio Kon Ngu,Q112703818,2016-04-29,2020-03,,,,,
Deputy Minister of Agriculture,Lily Albino Akol Akol,Q50379451,2020-02-22,,female,,,"H.E. Ms. Lily AKOL, ITU Official Visits (cropped).jpg",Lily Albino Akol Akol
Deputy Minister of Animal Resources and Fisheries,Nadia Arop Dudi,Q112685866,2011-08-26,2013-07-23,female,,,,
Deputy Minister of Cabinet Affairs,Wek Mamer Kuol,Q112712525,2011-08-26,2013-07-23,male,,,,
Deputy Minister of Cabinet Affairs,Deng Deng Akon,Q112707229,2020-02-22,,,,,,
Deputy Minister of Commerce,Kengen Jakor,Q112701005,2011-08-26,2013-07-23,male,,,,
Deputy Minister of Communication and Postal Services,Beatrice Wani-Noah,Q90955928,2011-08-26,2013-07-23,female,1959-07-28,,Beatrice Wani-Noah (cropped).jpg,Beatrice Wani-Noah
Deputy Minister of Defence,Majak Agot Atem,Q112712515,2011-08-26,2013-07-23,,,,,
Deputy Minister of Defence,David Yau Yau,Q5241353,2016-04-29,2020-03,male,,,David Yau Yau.png,David Yau Yau
Deputy Minister of Defence,Malek Reuben Riak,Q112707242,2020-02-22,,,,,,
Deputy Minister of Education,Rebecca Joshua Okwachi,Q112701011,2011-08-26,2013-07-23,female,,,,
Deputy Minister of Education,Bol Makueng Yuol,Q112701003,2013-07-31,2016-04-28,,,,,
Deputy Minister of Education,Martin Tako,Q112701007,2020-02-22,,,,,,
Deputy Minister of Electricity and Dams,Rhoda David Alak,Q112686513,2011-08-26,2012,female,,,,
Deputy Minister of Environment,Philip Palet Gadin,Q112712519,2011-08-26,2013-07-23,male,,,,
Deputy Minister of Finance,Marial Awou,Q112686445,2011-08-26,2013-07-23,male,,,,
Deputy Minister of Finance,Mary Jervas Yak,Q112701008,2011-08-26,2013-07-23,female,,,,
Deputy Minister of Finance,Kengen Jakor,Q112701005,2013-07-31,2016-04-28,male,,,,
Deputy Minister of Finance,Mary Jervas Yak,Q112701008,2013-07-31,2016-04-28,female,,,,
Deputy Minister of Finance,Mary Jervas Yak,Q112701008,2016-04-29,2020-03,female,,,,
Deputy Minister of Finance,Agok Makur Kur,Q112707225,2020-02-22,,,,,,
Deputy Minister of Foreign Affairs,Grace Daterio,Q112712510,2011-08-26,2013-07-23,female,,,,
Deputy Minister of Foreign Affairs,Cirino Heteng Ofuho,Q112703815,2016-04-29,2020-03,,,,,
Deputy Minister of Foreign Affairs,Deng Dau Deng,Q112525608,2020-02-22,,,,,,
Deputy Minister of Gender,Pricilla Nanyang,Q7242680,2011-08-26,2013-07-23,female,,,,Pricilla Nanyang
Deputy Minister of Health,Yatta Loli Lugar,Q112712526,2011-08-26,2013-07-23,,,,,
Deputy Minister of Higher Education,Gabriel Kuc Abyei,Q112686329,2011-08-26,2014,,,,,
Deputy Minister of Housing,Mary Nyawulang,Q112712516,2011-08-26,2013-07-23,female,,,,
Deputy Minister of Housing,Deng Arop Kuol,Q112684322,2013-07-31,2016-04-28,male,,,,
Deputy Minister of Humanitarian Affairs,Sabino Dario Okolong,Q112712522,2011-08-26,2013-07-23,female,,,,
Deputy Minister of Information and Broadcasting,Atem Yak Atem,Q112712506,2011-08-26,2013-07-23,male,,,,
Deputy Minister of Information and Broadcasting,Rebecca Joshua Okwachi,Q112701011,2013-07-31,2016-04-28,female,,,,
Deputy Minister of Information and Broadcasting,Akol Paul Kordit,Q112703814,2016-04-29,2020-03,,,,,
Deputy Minister of Information and Broadcasting,Baba Medan Konyi,Q112707228,2020-02-22,,,,,,
Deputy Minister of Internal Affairs,Salva Mathok Gengdit,Q112712524,2011-08-26,2013-07-23,male,,,,
Deputy Minister of Internal Affairs,Augustino Jadalla Wani,Q22276892,2013-07-31,2016-04-28,male,,,,Augustino Jadalla Wani
Deputy Minister of Internal Affairs,Gabriel Duop Lam,Q5515605,2016-04-29,2020-03,male,,,,Gabriel Duop Lam
Deputy Minister of Internal Affairs,Mabior Garang de Mabior,Q112703819,2020-02-22,,,,,,
Deputy Minister of International Cooperation,Elias Nyamlel Wako,Q112712507,2011-08-26,2013-07-23,,,,,
Deputy Minister of Irrigation and Water Resources,Ali Keti Ochie,Q112712504,2011-08-26,2013-07-23,male,,,,
Deputy Minister of Justice,Paulino Wanawilla,Q112686730,2013,2016,male,,,,
Deputy Minister of Justice,Martinson Oturomoi,Q112703820,2016-04-29,2020-03,,,,,
Deputy Minister of Justice,Joseph Malek Arop,Q112707233,2020-02-22,,,,,,
Deputy Minister of Labour,Kwong Danhier Gatluak,Q112712514,2011-08-26,2013-07-23,male,,,,
Deputy Minister of Labour,Elizabeth Achuei,Q112686371,2016-04-29,2020-03,female,,,,
Deputy Minister of Petroleum and Mining,Elizabeth James Bol,Q112701004,2011-08-26,2013-07-23,female,,,,
Deputy Minister of Petroleum and Mining,Elizabeth James Bol,Q112701004,2013-07-31,2016-04-28,female,,,,
Deputy Minister of Public Service,Khalid Butrous,Q112707236,2020-02-22,,,,,,
Deputy Minister of Roads and Bridges,Simon Mijok Mijak,Q112701013,2011-08-26,2013-07-23,male,,,,
Deputy Minister of Transport,Mayom Kuoc Malek,Q112712517,2011-08-26,2013-07-23,male,,,,
Deputy Minister of Transport,Martin Tako,Q112701007,2013-07-31,2016-04-28,,,,,
Deputy Minister of Wildlife Conservation and Tourism,Obuch Ojok,Q78823225,2011-08-26,2013-07-23,male,,,,Obuch Ojwok Akuo
Speaker of the National Legislature,James Wani Igga,Q6145116,2011,2013-08,male,1949,,James Wani Igga.JPG,James Wani Igga
Speaker of the National Legislature,Manasseh Magok Rundial,Q112316504,2013-08,2016-08-04,male,,,,
Speaker of the National Legislature,Anthony Lino Makana,Q4772949,2016-08-04,2019-12-08,male,,,"Anthony Lino Makana, December 2017 (5122) (cropped2).jpg",Anthony Lino Makana
Speaker of the National Legislature,Obuch Ojok,Q78823225,2019-12-16,2021-05,male,,,,Obuch Ojwok Akuo
Speaker of the National Legislature,Jemma Nunu Kumba,Q6177210,2021-08-02,,female,1966,,,Jemma Nunu Kumba
Governor of Central Equatoria,Emmanuel Adil Anthony,Q96776905,2020-06-29,,male,,,,Emmanuel Adil Anthony
Governor of Eastern Equatoria,Abdullah Amiri,Q112684403,1997-12,2000-01,male,,,,
Governor of Eastern Equatoria,Abdullah Allajabo,Q112684405,2000-01,2001-02,male,,,,
Governor of Eastern Equatoria,Caesar Baya Lolaya,Q112684406,2001-02,2005,male,,,,
Governor of Eastern Equatoria,Daniel Awet Akot,Q16145815,2005-07-18,2005-09-30,male,,,,Daniel Awet Akot
Governor of Eastern Equatoria,Aloisio Emor Ojetuk,Q4734267,2005-09-30,2010-02-24,male,,,,Aloisio Emor Ojetuk
Governor of Eastern Equatoria,JJ Okot,Q112684409,2010-02-24,2010-05-20,male,,,,
Governor of Eastern Equatoria,Louis Lobong Lojore,Q16202255,2010-05-20,2011-07-09,male,1962,,,Louis Lobong Lojore
Governor of Eastern Equatoria,JJ Okot,Q112684409,2011-07-09,2019-07-09,male,,,,
Governor of Eastern Equatoria,Louis Lobong Lojore,Q16202255,2019-07,2020-05,male,1962,,,Louis Lobong Lojore
Governor of Eastern Equatoria,Louis Lobong Lojore,Q16202255,2020-06,,male,1962,,,Louis Lobong Lojore
Governor of Jonglei,Denay Jock Chagor,Q97413828,2020-07-15,,male,1975,,,Denay Jock Chagor
Governor of Lakes,Makur Kulang,Q112684186,2020,2021-06-08,male,,,,
Governor of Lakes,Rin Tueny Mabor,Q112684182,2021-06-08,,male,,,,
Governor of Lol State,Rizik Zackaria Hassan,Q7339103,2015-12-24,,male,1997-02-12,,,Rezik Zechariah Hassan
Governor of Northern Bahr el Ghazal,Kuel Aguer Kuel,Q112686376,2014-05,2015-04-14,male,,,,
Governor of Northern Bahr el Ghazal,Salva Chol Ayat,Q112684078,2015-04,2020-06,,,,,
Governor of Northern Bahr el Ghazal,Tong Akeen Ngor,Q105604868,2020-06-19,,male,1965,,,Tong Akeen Ngor
Governor of Tonj State,Akec Tong Aleu,Q22276732,2015-12-24,,male,,,,Akec Tong Aleu
Governor of Unity,Joseph Monytuil,Q22278446,2020-06-30,,male,,,,Joseph Monytuil
Governor of Upper Nile,Budhok Ayang Kur,Q112684906,2021-01-29,,male,,,,
Governor of Warrap,Bona Panek,Q22277112,2020,2021-01-28,male,,,,Bona Panek
Governor of Warrap,Aleu Ayieny Aleu,Q112525561,2021-01-28,,male,,,,
Governor of Western Bahr el Ghazal,Sarah Cleto Hassan,Q105223028,2020-06-30,,female,,,,Sarah Cleto Hassan
Governor of Western Equatoria,Patrick Zamoi,Q112684547,2005,2005,male,,,,
Governor of Western Equatoria,Samuel Abu-John Kabbashi,Q112684555,2005,2008,male,,,,
Governor of Western Equatoria,Jemma Nunu Kumba,Q6177210,2008,2010,female,1966,,,Jemma Nunu Kumba
Governor of Western Equatoria,Joseph Bakosoro,Q6281290,2010,2015,male,,,,Joseph Bakosoro
Governor of Western Equatoria,Patrick Zamoi,Q112684547,2015,2015,male,,,,
Governor of Western Equatoria,Alfred Futiyo Karaba,Q112684546,2020-06-29,,male,,,,
Governor of Yei River State,David Lokonga,Q5236744,2015-12-24,2018-02-16,male,,,,David Lokonga Moses
Governor of Yei River State,Emmanuel Adil Anthony,Q96776905,2018-02-16,2020-02-22,male,,,,Emmanuel Adil Anthony
Chief Administrator of the Abyei Area,Arop Moyak,Q112684319,2008-08-31,2009-12-30,male,,,,
Chief Administrator of the Abyei Area,Deng Arop Kuol,Q112684322,2009-12-30,2013-05-21,male,,,,
Chief Administrator of the Abyei Area,Kuol Monyluak Dak,Q112684324,2013-05,2015-03,male,,,,
Chief Administrator of the Abyei Area,Chol Deng Alak,Q112684327,2015-03,2017-02,male,,,,
Chief Administrator of the Abyei Area,Kuol Alor Kuol Arop,Q112684334,2017-02,2020-06,male,,,,
Chief Administrator of the Abyei Area,Kuol Deim Kuol,Q96760058,2020-06-29,,male,,,,Kuol Deim Kuol
Chief Administrator of the Abyei Area,Arop Moyak,Q112684319,2008-08-31,2009-12-30,male,,,,
Chief Administrator of the Abyei Area,Deng Arop Kuol,Q112684322,2009-12-30,2013-05-21,male,,,,
Chief Administrator of the Abyei Area,Kuol Monyluak Dak,Q112684324,2013-05,2015-03,male,,,,
Chief Administrator of the Abyei Area,Chol Deng Alak,Q112684327,2015-03,2017-02,male,,,,
Chief Administrator of the Abyei Area,Kuol Alor Kuol Arop,Q112684334,2017-02,2020-06,male,,,,
Chief Administrator of the Abyei Area,Kuol Deim Kuol,Q96760058,2020-06-29,,male,,,,Kuol Deim Kuol
Chief Administrator of Pibor Administrative Area,Akot Madhi,Q112684968,2005-08-31,2005-12-30,male,,,,
Chief Administrator of Pibor Administrative Area,Akot Madhi,Q112684968,2005-12-30,2011-05-21,male,,,,
Chief Administrator of Pibor Administrative Area,Kuol Monyluak Dak,Q112684324,2011-05,2013-03,male,,,,
Chief Administrator of Pibor Administrative Area,David Yau Yau,Q5241353,2013-02,2020-06,male,,,David Yau Yau.png,David Yau Yau
Chief Administrator of Pibor Administrative Area,Joshua Konyi,Q112685207,2020-06,2021-07-04,male,,,,
Chief Administrator of Pibor Administrative Area,Lokali Ame Bullen,Q112685210,2021-07-04,,male,,,,
Chief Administrator of Ruweng Administrative Area,Mayol Kur Akuei,Q22279117,2015-05,2017,male,,,,Mayol Kur Akuei
Chief Administrator of Ruweng Administrative Area,Kuol Deim Kuol,Q96760058,2017,2020-06,male,,,,Kuol Deim Kuol
Chief Administrator of Ruweng Administrative Area,William Chol Awanlith,Q112684246,2020-06,2021-06,male,,,,
Chief Administrator of Ruweng Administrative Area,Peter Daau Chopkuer,Q112684244,2021-06,2022-05,male,,,,
Chief Administrator of Ruweng Administrative Area,Tiop Manyluak,Q112684249,2022-05,2022-06,male,,,,
Chief Administrator of Ruweng Administrative Area,Stefano Wieu Mialek,Q112685472,2022-06,,male,,,,
Governor of Twic,Bona Panek,Q22277112,2015-12-24,2020,male,,,,Bona Panek
Minister of Agriculture of Western Bahr el Ghazal,Wol Akec Akol,Q8029360,2010-05-18,,male,,,,Wol Akec Akol
Minister of Finance of Western Bahr el Ghazal,Morris Yel Akol,Q16145804,2010-05-18,,male,,,,Morris Yel Akol
Minister of Legal Affairs of Western Bahr el Ghazal,Mowlana John Peter Miskin,Q16732677,2010-05-18,,male,,,,John Peter Miskin
ambassador to the United States of America,Garang Diing Akoung,Q5521927,2015-02-23,,male,1963,,,Garang Diing Akuong
